INSERT INTO MENUS (ID, CURRENCY) VALUES (1064, 'USD')
INSERT INTO CATEGORIES (ID, NAME, DESCRIPTION, MENU_ID) VALUES (2861, 'Pizza', 'Best Pizza, authentic Italian style, fresh ingredients', 1064)
INSERT INTO CATEGORIES (ID, NAME, DESCRIPTION, MENU_ID) VALUES (2862, 'Pasta', 'Delicious pasta', 1064)
INSERT INTO FOODITEMS (ID, NAME, DESCRIPTION, PRICE, category_id) VALUES (9240, 'Pizza Margherita', 'Tomato sauce, oregano, garlic and fresh basil', 8, 2861)
INSERT INTO FOODITEMS (ID, NAME, DESCRIPTION, PRICE, category_id) VALUES (713427, 'Pizza Prosciutto', 'Splitted half / half. For each half you can choose your own toppings', 10, 2861)
INSERT INTO FOODITEMS (ID, NAME, DESCRIPTION, PRICE, category_id) VALUES (9259, 'Traditional Lasagna', 'Home made pasta, ground beef, tomato sauce, bechamel sauce and parmesan', 11, 2862)
INSERT INTO FOODITEMS (ID, NAME, DESCRIPTION, PRICE, category_id) VALUES (9260, 'Spaghetti Pomodoro', 'Spaghetti, tomatoes, mushrooms, garlic, basil', 9, 2862)
INSERT INTO FOODITEMS (ID, NAME, DESCRIPTION, PRICE, category_id) VALUES (125860, 'Spaghetti carbonara', 'Spaghetti, bacon, egg, garlic, parsley', 15, 2862)
INSERT INTO CHOICEGROUPS (ID, NAME, REQUIRED) VALUES (160392, 'Topping 1st half', 0)
INSERT INTO CHOICEGROUPS (ID, NAME, REQUIRED) VALUES (160393, 'Topping 2nd half', 0)
INSERT INTO CHOICEGROUPS (ID, NAME, REQUIRED) VALUES (3692, 'Crust', 1)
INSERT INTO OPTIONS (ID, NAME, PRICE, CHOICE_GROUP_ID) VALUES (733146, 'Ham', 1.2, 160392)
INSERT INTO OPTIONS (ID, NAME, PRICE, CHOICE_GROUP_ID) VALUES (733147, 'Mushrooms', 1.2, 160392)
INSERT INTO OPTIONS (ID, NAME, PRICE, CHOICE_GROUP_ID) VALUES (733148, 'Salami', 1.2, 160392)
INSERT INTO OPTIONS (ID, NAME, PRICE, CHOICE_GROUP_ID) VALUES (733149, 'Onion rings', 0.7, 160392)
INSERT INTO OPTIONS (ID, NAME, PRICE, CHOICE_GROUP_ID) VALUES (733150, 'Olives', 1.2, 160393)
INSERT INTO OPTIONS (ID, NAME, PRICE, CHOICE_GROUP_ID) VALUES (733151, 'Ham', 1.2, 160393)
INSERT INTO OPTIONS (ID, NAME, PRICE, CHOICE_GROUP_ID) VALUES (733152, 'Salami', 1.2, 160393)
INSERT INTO OPTIONS (ID, NAME, PRICE, CHOICE_GROUP_ID) VALUES (733153, 'Corn', 1.2, 160393)
INSERT INTO OPTIONS (ID, NAME, PRICE, CHOICE_GROUP_ID) VALUES (9371, 'Thick', 0, 3692)
INSERT INTO OPTIONS (ID, NAME, PRICE, CHOICE_GROUP_ID) VALUES (9372, 'Crispy', 0, 3692)
INSERT INTO CATEGORYCHOICEGROUPS (CATEGORY_ID, CHOICE_GROUP_ID) VALUES (2861, 3692)
INSERT INTO FOODITEMCHOICEGROUPS (FOOD_ITEM_ID, CHOICE_GROUP_ID) VALUES (713427, 160392)
INSERT INTO FOODITEMCHOICEGROUPS (FOOD_ITEM_ID, CHOICE_GROUP_ID) VALUES (713427, 160393)